train_file,hm1-c930.csv,hm1-i15.csv,hm1-i15m.csv,hm1-s9260.csv,hm1-s9280.csv,hm2-c930.csv,hm2-i15.csv,hm2-i15m.csv,prc-c920.csv,prc-i15.csv,prc-i15m.csv,prc-s9160.csv,prc-s9180.csv
prc-c920.csv,13.853182792663574,9.890519142150879,11.01819896697998,17.32527732849121,16.817874908447266,12.860279083251953,10.845770835876465,11.4375,,8.66735553741455,8.781181335449219,21.094911575317383,9.149345397949219
prc-i15.csv,11.63247013092041,11.443955421447754,10.7818021774292,13.058451652526855,12.837621688842773,9.485139846801758,8.675810813903809,8.810553550720215,7.902584075927734,,8.593825340270996,9.392723083496094,7.291490077972412
prc-i15m.csv,13.567152976989746,13.335176467895508,12.879566192626953,15.006951332092285,14.679482460021973,11.380754470825195,10.553427696228027,10.799986839294434,7.971126556396484,7.924163341522217,,11.90818977355957,7.4956536293029785
prc-s9160.csv,5.8512187004089355,7.586495876312256,7.77437686920166,3.829587459564209,4.155943870544434,5.911741733551025,7.026557922363281,6.917444229125977,16.006792068481445,18.894378662109375,18.467689514160156,,15.970086097717285
prc-s9180.csv,4.020474433898926,3.1507606506347656,2.7369751930236816,6.698178768157959,6.165574550628662,4.307363986968994,3.3197333812713623,3.6275391578674316,9.019728660583496,10.33411693572998,9.872187614440918,10.268811225891113,
