train_file,hm1-c930.csv,hm1-i15.csv,hm1-i15m.csv,hm1-s9260.csv,hm1-s9280.csv,hm2-c930.csv,hm2-i15.csv,hm2-i15m.csv
cct_multi_models,-85.50012969970703,-0.70475172996521,-0.4915808439254761,-0.8241733312606812,-0.6294150352478027,-57.51668930053711,-0.8910784721374512,-0.8816699981689453
