train_file,hm1-c930.csv,hm1-i15.csv,hm1-i15m.csv,hm1-s9260.csv,hm1-s9280.csv,hm2-c930.csv,hm2-i15.csv,hm2-i15m.csv
cct_multi_models,19.073516845703125,4.048996925354004,4.052378177642822,3.6302847862243652,3.8017306327819824,13.549253463745117,3.8678901195526123,3.7746529579162598
