test_subject,n_test_windows,R2,MAE,RMSE
[S0024] 2024-7-8-1-14-10-37,135,-1.058824062347412,2.1720387935638428,2.9525275054864935
[S0017] 2024-7-8-1-13-14-23,135,-1.3091731071472168,2.3509013652801514,2.9504657054486025
[S0033] 2024-7-8-1-15-19-55,135,-2.1361377239227295,1.7458771467208862,2.0221329537741224
[S0011] 2024-7-8-1-12-29-32,135,-3.667598247528076,1.2565757036209106,1.5184210715432633
[S0005] 2024-7-8-1-11-22-14,135,-17.772733688354492,2.0158402919769287,2.3786108776308574
[S0018] 2024-7-8-1-13-22-32,135,-36.04789733886719,2.400456428527832,2.9061459758558925
