CCT,n,coverage,mae,rmse,mean_band
3200,21600,0.9980092592592592,142.23695509059675,143.66107834044632,332.5945598939183
3500,21600,0.9975925925925927,7.911964412971037,8.539219971230763,451.77619166553114
3800,19800,0.9976262626262625,21.23912663859315,21.86321885710257,1558.4902873343651
4100,21600,0.997824074074074,176.6546162547173,180.63510788440774,1944.3242212253824
4400,21600,0.9977314814814814,128.23300715242394,130.14217948697382,1741.5886538892776
4700,21600,0.9983333333333334,3.7230522309471863,4.2392953527997195,143.5980124264266
5000,21600,0.998287037037037,43.25501953981641,43.92436832214193,1067.9771085801162
5300,21600,0.9980092592592592,58.3726970589683,59.072738235757804,2026.0831288301713
5600,19800,0.998030303030303,243.78552364221707,246.0012059054644,1579.6085491077954
