CCT,n,coverage,mae,rmse,mean_band
3200,21600,0.9950925925925925,4.224885576973697,4.64933471332423,2046.5063588829682
3500,21600,0.9969444444444444,37.626861523464946,38.97757887661648,1071.3596229642562
3800,19800,0.9975757575757576,81.46630061097548,83.68923697894736,1916.1622846140285
4100,21600,0.9974537037037038,275.8051125915251,286.59150678493097,1842.7739695925882
4400,21600,0.9959722222222221,18.260992201360775,18.844194543134346,1017.8918617473491
4700,21600,0.9964351851851853,25.844000334258563,26.68801384536592,402.9014484383051
5000,21600,0.9970833333333333,9.514046618238384,10.0129502794821,331.35774816825045
5300,21600,0.997638888888889,111.81412797112613,113.81924712445387,1633.3390777111301
5600,19800,0.9981313131313132,179.122282464579,181.89388680090588,1089.8244080030954
