CCT,n,coverage,mae,rmse,mean_band
3200,21600,0.9953703703703703,215.32692686321855,223.75491298067053,2540.0906553045693
3500,21600,0.9962962962962963,122.92344225388463,126.0090701435011,1327.0312290961226
3800,19800,0.9969191919191919,119.21553154466655,122.65690301639073,816.7607290507465
4100,21600,0.9963425925925926,22.092047895567124,23.324769467668798,899.2090841290725
4400,21600,0.9963425925925926,23.956280974532376,24.756811989960784,1124.0348733703574
4700,21600,0.9979166666666667,15.317874570476105,15.918106393501835,820.6784147598408
5000,21600,0.9968518518518518,47.856338053277135,48.77642602562164,1112.60125080725
5300,21600,0.9966203703703703,95.01654184276175,97.11627612136766,1140.7070041786346
5600,19800,0.9979292929292929,67.63199659792771,68.95142086490495,360.27984844506216
