CCT,n,coverage,mae,rmse,mean_band
3200,21600,0.9966203703703703,22.926369502303302,23.80454055736082,1902.4364107825058
3500,21600,0.9970833333333333,127.17812238370128,130.78622767908206,1080.9722764110822
3800,19800,0.995909090909091,53.53869115191087,55.193782309423334,1627.106951560406
4100,21600,0.9974074074074074,68.07672770851262,70.83849206904917,1371.309609150839
4400,21600,0.9968055555555555,99.96598604949509,102.32743090934554,873.684346260287
4700,21600,0.9958796296296296,29.081172178797548,29.9460791704449,196.73273812694444
5000,21600,0.9970833333333333,7.102308348032544,7.8399880909685535,183.80379860858068
5300,21600,0.9977314814814816,213.9687393277197,217.7817715705719,1276.1500067476402
5600,19800,0.9978282828282828,271.3258345973759,275.46937313416555,1839.1147048017685
