CCT,n,coverage,mae,rmse,mean_band
3200,21600,0.9928703703703703,45.74045710790139,47.88899293592667,1165.7503687741764
3500,21600,0.9964814814814815,358.8752010677217,371.0259465630861,1914.7808808829343
3800,19800,0.9961111111111112,21.86812634370464,22.773260880982093,692.8097224657938
4100,21600,0.997824074074074,9.329157283540601,10.056416080735474,110.61016408602991
4400,21600,0.998287037037037,71.17436494397555,72.36705774245478,537.8133499110678
4700,21600,0.9979629629629629,110.61681955371405,111.823046502509,2026.477739369842
5000,21600,0.9978703703703703,47.86973782021662,48.74653116883363,2090.683900040663
5300,21600,0.9977314814814816,12.619807393816536,13.258601248674672,1030.7354083291468
5600,19800,0.9927272727272727,35.68560939062869,37.16889285989226,542.3651061360929
