CCT,n,coverage,mae,rmse,mean_band
3200,21600,0.9951388888888889,171.35881311128517,178.0378965840786,2424.2516758696397
3500,21600,0.9957407407407407,83.50072024286168,85.62272696008561,1186.0558631262236
3800,19800,0.9969191919191919,117.52123138964006,120.91694350401677,814.9929509548302
4100,21600,0.9958796296296296,15.558728125623341,16.50975390527547,795.0942801084302
4400,21600,0.9962962962962963,36.2153578536721,37.32568902264644,1121.7718028803476
4700,21600,0.997824074074074,10.432246881443872,11.059969305699596,787.4940785667599
5000,21600,0.9967592592592592,51.99760589758262,52.98949865150781,1102.7165397676283
5300,21600,0.9965740740740742,79.4278164614151,81.16591551353626,1069.5974528949027
5600,19800,0.9979292929292929,68.72659410175547,70.06588453396571,361.85003384343656
