CCT,n,coverage,mae,rmse,mean_band
3200,21600,0.9980092592592592,35.15503435551157,35.318798742547344,539.2582026063073
3500,21600,0.9990740740740741,2.7229166249550616,2.7624464701499316,18.649783537819918
3800,21600,0.9983333333333334,60.12872695377934,60.36133797681108,694.3459178603526
4100,21600,0.9977314814814814,8.503625045652436,8.561474820546776,24.164288392448068
4400,21600,0.9982407407407408,24.96889078582981,25.071906945115916,1317.3521102487493
4700,21600,0.9983333333333334,5.962757898402294,6.026773178952557,209.75051019041544
5000,21600,0.9980092592592592,8.757281632660641,8.804822626685377,211.17733335221874
5300,21600,0.9990740740740741,5.196547193737631,5.23518087177645,26.393196888133648
5600,21600,0.998287037037037,19.846275914618356,19.914820955718415,1550.6735544545938
