CCT,n,coverage,mae,rmse,mean_band
3200,21600,0.998287037037037,32.70075376640171,32.87484465826153,335.6101275006425
3500,21600,0.9983333333333334,2.0406788016642188,2.1090595230567653,1203.5462155174598
3800,21600,0.9983333333333334,54.361752774924206,54.76441911598107,208.05042096184704
4100,21600,0.9980555555555556,17.623203620358126,17.7007361397901,73.14836270387049
4400,21600,0.9991666666666666,1.9880518108721288,2.0531451137448755,15.445795222808462
4700,21600,0.9991666666666666,2.154365513580291,2.2181135324742054,14.05495639511006
5000,21600,0.9983333333333334,1.8465951187935958,1.8975208297870216,20.175088671638928
5300,21600,0.998287037037037,116.68642438220206,117.20808169404359,1150.3557305764677
5600,21600,0.9991666666666666,4.794893363049286,4.829891636271664,28.424512229654493
