CCT,n,coverage,mae,rmse,mean_band
3200,21600,0.997037037037037,17.615423646690754,18.217136953746692,797.0729225730173
3500,21600,0.9961111111111111,14.385361798989956,14.634410888542897,428.98783628185265
3800,21600,0.9969444444444444,39.25959125419737,40.483316897688084,1165.3990732296713
4100,21600,0.9959259259259259,21.2657557953395,21.810632837912845,637.6394003160368
4400,21600,0.9973611111111111,78.2725116752046,79.5152083918374,1268.3265912385764
4700,21600,0.9975,53.89441633356117,54.82647126361161,820.5962915185313
5000,21600,0.9974074074074074,1.8379140314197489,1.9261831898052701,835.689313051541
5300,21600,0.997037037037037,1.1562335125834735,1.2387330518063993,236.39656609709326
5600,21600,0.9975,35.30957269351418,35.90122721454935,791.4650682900216
