CCT,n,coverage,mae,rmse,mean_band
3200,21600,0.997824074074074,394.8054259831383,400.2646157556234,5476.814075676232
3500,21600,0.9978703703703703,32.2784610049029,32.43369483102819,89.52599010284928
3800,21600,0.997175925925926,6.788421302366596,6.913873311689108,814.9412352522062
4100,21600,0.9973611111111111,299.02156228422604,300.6502420467889,2336.956569341196
4400,21600,0.9980555555555556,49.80955999663784,50.06133575424968,517.5634252272849
4700,21600,0.9981481481481481,42.39357160811496,42.5366957583885,413.35935197321334
5000,21600,0.9980555555555556,13.761163708329269,13.964931912524852,189.427733065043
5300,21600,0.9980555555555556,175.16599956975858,175.89671510728513,1077.5084127183366
5600,21600,0.9974537037037038,8.171941323295313,8.231610955004955,46.77674162126459
