CCT,n,coverage,mae,rmse,mean_band
3200,21600,0.9969444444444444,40.44374898966523,41.00109640366355,172.66273298388077
3500,21600,0.997175925925926,9.92408586615279,10.016550915787787,789.5570119597984
3800,21600,0.9969444444444444,14.561532330826504,14.800835309712012,485.6827877921999
4100,21600,0.9979629629629629,1.6184720722118946,1.7121141787851182,20.72950246988912
4400,21600,0.9975462962962963,5.43334847607619,5.491298982693536,24.47489179954918
4700,21600,0.9981944444444445,13.537358742696462,13.676611557680475,78.4572152898185
5000,21600,0.9972685185185185,17.23925743390907,17.594361698698282,556.9744671829025
5300,21600,0.9982407407407408,12.46007308625009,12.633957235219727,460.19568991708917
5600,21600,0.9975462962962963,7.863181334004181,8.021293384318387,471.6046141602646
