CCT,n,coverage,mae,rmse,mean_band
3200,21600,0.997037037037037,5.53807540673666,5.6227785676999815,83.8411286060133
3500,21600,0.9964351851851853,10.68847127952332,10.832176627762648,577.5083238487194
3800,21600,0.9972685185185185,102.53530230310325,104.37486657052567,835.8380712879872
4100,21600,0.9973611111111111,1.2976061510435322,1.369456333775096,20.39593127090637
4400,21600,0.9977314814814814,1.2710820889283865,1.3390749104632504,15.054740715257749
4700,21600,0.9978703703703703,2.454758166657663,2.5182739384135018,36.19504706319735
5000,21600,0.9962962962962963,31.59229734990139,32.266587090552974,598.0454673572834
5300,21600,0.9974074074074074,17.42187318161271,17.62328680990598,472.0171256888479
5600,21600,0.997638888888889,59.386604601307944,60.12624644916957,517.5548994736355
