CCT,n,coverage,mae,rmse,mean_band
3200,21600,0.9968518518518518,8.372398066577174,8.528421984011167,211.88536061471834
3500,21600,0.9977777777777778,21.75253610297777,22.02830533657792,451.94568623485617
3800,21600,0.9970833333333333,18.439438228557602,18.864956534590824,703.1143565763874
4100,21600,0.9970833333333333,5.545598648913109,5.683518081926987,84.97573156610274
4400,21600,0.998287037037037,2.3026684761182863,2.3858807718839024,32.93190098192964
4700,21600,0.9963888888888889,8.145412280263793,8.320889723214263,218.46702606916597
5000,21600,0.9984722222222223,18.304454620722613,18.78966561569833,45.34709736985538
5300,21600,0.9983333333333334,2.5726299279047464,2.6859921729563343,359.2850409007242
5600,21600,0.9979166666666667,124.84560811787203,126.70991878479849,921.1289813163049
