CCT,n,coverage,mae,rmse,mean_band
3200,21600,0.9983333333333334,31.00335212744369,31.53533769824846,120.07767024993548
3500,21600,0.998287037037037,25.2308858252846,25.43581940059066,211.78630283112307
3800,21600,0.9980092592592592,1.2539666354247017,1.3629468981894757,25.21419509105293
4100,21600,0.9967129629629629,5.778574315224506,5.915025855489593,302.3261475546861
4400,21600,0.9975462962962963,154.91951350219105,156.56350716203752,1216.5180427213913
4700,21600,0.997037037037037,5.176084166089553,5.266330686397439,861.9901710753325
5000,21600,0.9983333333333334,37.182456685605125,37.381024687515925,837.6100705720451
5300,21600,0.9975925925925925,148.45205649671266,149.65306499675225,1116.4952477275676
5600,21600,0.9980555555555556,30.659919843881315,30.859551365543236,1809.8364984413927
