CCT,n,coverage,mae,rmse,mean_band
3200,21600,0.9964351851851853,12.177953836690824,12.420476468586955,191.350946297906
3500,21600,0.9977314814814814,16.546678481813,16.768466082367198,441.6222640942928
3800,21600,0.9968055555555555,9.725208700459891,9.92156693131008,636.4036836452283
4100,21600,0.9970833333333333,5.739363887082226,5.878956928203643,85.0759033819137
4400,21600,0.998287037037037,2.2399196813749005,2.3196632139276496,33.074829509125486
4700,21600,0.9963425925925926,9.714507736161709,9.916307106872543,218.9690899492316
5000,21600,0.9984722222222223,18.330498424307432,18.816305535916026,45.39853710090363
5300,21600,0.9978703703703703,4.050517131391939,4.111986319679666,297.0653685768692
5600,21600,0.997824074074074,130.4015884398043,132.34636666320833,920.6211881701151
