csv_path,csv_name,n_subjects,mean_PCC,overall_PCC,mean_R2,mean_MAE
./data/prc-c920.csv,prc-c920,38,0.4449907979562334,0.3719831167721835,-0.6883488345153408,4.912534344002571
./data/prc-i15.csv,prc-i15,49,0.5091845132279921,0.37804203617538473,-0.4151780191014485,4.5067929685074635
./data/prc-i15m.csv,prc-i15m,48,0.491249291732981,0.4597944044268588,-0.1283116189040525,4.3382179656509825
